{
    "epoch": 5.9786476868327405,
    "eval_loss": 2.0316998958587646,
    "eval_runtime": 3.1471,
    "eval_samples_per_second": 14.616,
    "eval_steps_per_second": 14.616,
    "total_flos": 2.961277350201262e+17,
    "train_loss": 1.0483045907247635,
    "train_runtime": 3678.5963,
    "train_samples_per_second": 7.31,
    "train_steps_per_second": 0.057
}