{
    "epoch": 5.9786476868327405,
    "total_flos": 2.780805397366702e+17,
    "train_loss": 1.4015877837226505,
    "train_runtime": 3337.0921,
    "train_samples_per_second": 8.059,
    "train_steps_per_second": 0.063
}