{
    "epoch": 5.989304812834225,
    "eval_loss": 2.507080078125,
    "eval_runtime": 7.667,
    "eval_samples_per_second": 6.0,
    "eval_steps_per_second": 1.565,
    "total_flos": 1.8114394260190003e+18,
    "train_loss": 0.7631256972750028,
    "train_runtime": 8949.0876,
    "train_samples_per_second": 3.005,
    "train_steps_per_second": 0.047
}