{
    "epoch": 5.989304812834225,
    "eval_loss": 2.507080078125,
    "eval_runtime": 7.667,
    "eval_samples_per_second": 6.0,
    "eval_steps_per_second": 1.565
}