{
    "epoch": 5.9786476868327405,
    "eval_loss": 1.5571128129959106,
    "eval_runtime": 3.0291,
    "eval_samples_per_second": 15.186,
    "eval_steps_per_second": 15.186
}